{"cameraMode":{"drawMode":0,"name":"Shaded","section":"Shading Mode"},"sceneLighting":true,"audioPlay":false,"sceneViewState":{"showFog":true,"showMaterialUpdate":false,"showSkybox":true,"showFlares":true,"showImageEffects":true,"showParticleSystems":true},"in2DMode":false,"pivot":{"x":1.2349131107330323,"y":-0.11582163721323013,"z":1.4926350116729737},"rotation":{"x":-0.016016298905014993,"y":-0.30349621176719668,"z":0.005102175287902355,"w":-0.9526844024658203},"size":1.2878265380859376,"orthographic":false}