{"cameraMode":{"drawMode":0,"name":"Shaded","section":"Shading Mode"},"sceneLighting":true,"audioPlay":false,"sceneViewState":{"showFog":true,"showMaterialUpdate":false,"showSkybox":true,"showFlares":true,"showImageEffects":true,"showParticleSystems":true},"in2DMode":false,"pivot":{"x":1.6773436069488526,"y":-0.4478977918624878,"z":6.249157905578613},"rotation":{"x":-0.07429233938455582,"y":-0.2636384665966034,"z":0.020369669422507287,"w":-0.9615407586097717},"size":1.3744003772735596,"orthographic":false}