{"cameraMode":{"drawMode":0,"name":"Shaded","section":"Shading Mode"},"sceneLighting":true,"audioPlay":false,"sceneViewState":{"showFog":true,"showMaterialUpdate":false,"showSkybox":true,"showFlares":true,"showImageEffects":true,"showParticleSystems":true},"in2DMode":false,"pivot":{"x":2.0332865715026857,"y":-0.2516692280769348,"z":6.37653112411499},"rotation":{"x":-0.07324383407831192,"y":-0.38534095883369448,"z":0.030699504539370538,"w":-0.9193504452705383},"size":1.9198009967803956,"orthographic":false}