{"cameraMode":{"drawMode":0,"name":"Shaded","section":"Shading Mode"},"sceneLighting":true,"audioPlay":false,"sceneViewState":{"showFog":true,"showMaterialUpdate":false,"showSkybox":true,"showFlares":true,"showImageEffects":true,"showParticleSystems":true},"in2DMode":false,"pivot":{"x":-0.023620257154107095,"y":-0.27494150400161745,"z":2.1873397827148439},"rotation":{"x":-0.1155456155538559,"y":0.011019457131624222,"z":-0.0012826747260987759,"w":-0.993240237236023},"size":1.3697571754455567,"orthographic":false}