{"cameraMode":{"drawMode":0,"name":"Shaded","section":"Shading Mode"},"sceneLighting":true,"audioPlay":false,"sceneViewState":{"showFog":true,"showMaterialUpdate":false,"showSkybox":true,"showFlares":true,"showImageEffects":true,"showParticleSystems":true},"in2DMode":false,"pivot":{"x":-0.7179577350616455,"y":1.128788709640503,"z":61.00516891479492},"rotation":{"x":0.14950108528137208,"y":0.564467191696167,"z":-0.10481202602386475,"w":0.8050097823143005},"size":2.1615521907806398,"orthographic":false}