{"cameraMode":{"drawMode":0,"name":"Shaded","section":"Shading Mode"},"sceneLighting":false,"audioPlay":false,"sceneViewState":{"showFog":true,"showMaterialUpdate":false,"showSkybox":true,"showFlares":true,"showImageEffects":true,"showParticleSystems":true},"in2DMode":false,"pivot":{"x":177.27793884277345,"y":557.6611328125,"z":31.077590942382814},"rotation":{"x":-0.031804196536540988,"y":0.0005969418562017381,"z":-0.000018985925635206513,"w":-0.9994939565658569},"size":898.7852783203125,"orthographic":false}